date,CDOM,Chl_a,Color,Cya,DOC,Turb,WQI,WQI_2
04-01-2020,46.61941161364547,0.4945469784088376,579.7440505154573,1.432095863017479,66.68563345871584,-1.2200001151898956,0.7935483997922219,68.33777241946285
09-01-2020,22.682596165743025,0.2349454720367901,190.3310143987497,0.6279489471952764,38.44487785792471,-2.1099405226516392,0.7386018073603077,70.9894544096696
24-01-2020,27.518164797753844,1.7722803228922184,256.6058493786421,11.600888405373192,44.565715362150065,0.757960155748524,0.6244239641225366,70.24586334254354
18-02-2020,46.38122402681061,7.1603056840789385,575.17093170805,80.21435304471403,66.42500204663686,3.798037529934601,0.42420378145453136,63.38749151269646
23-02-2020,24.344623360968225,6.270933231474907,212.31955268813542,59.90168371211461,40.58043203069712,3.46079774847506,0.5604142848636482,66.82182634721079
19-03-2020,24.693852865234163,4.596625372889922,217.04695429469925,103.62533866918609,41.0247307329974,2.7140489361307596,0.4882882400327584,68.795840709612
08-04-2020,24.926172663223195,13.12373621861935,220.21210375483335,1515.6749579262294,41.31947406890671,5.491568246656677,-0.04440499768542351,59.249125035457425
13-04-2020,29.968139924471483,11.752021461223416,292.77478373321486,241.71336254529848,47.568383904913425,5.163272217783752,0.3929203526986234,59.94821483020508
18-04-2020,21.136096742162678,5.403652391732474,170.64539528458246,90.47085431467131,36.424421531163546,3.0955845540301654,0.5702479211621798,69.15184866823597
28-04-2020,22.821117656297712,1.5854190347275636,192.13107623276971,24.882178622735825,38.6242403618969,0.5586560713206792,0.6252158790468358,70.92274976577181
03-05-2020,23.82070694030925,1.3617522957809278,205.29673071905688,11.42533864422464,39.91106397543437,0.29556144341785373,0.7263544481613823,70.61564423824022
08-05-2020,18.588923444897443,0.8280564862278498,139.9165593750622,7.837285530853445,33.018382395593726,-0.4974148620708112,0.6860986550081675,73.02398059275626
13-05-2020,25.703100277915993,1.378325176971343,230.91398171310442,9.535812278601444,42.30050679542557,0.31611935513356837,0.5616197259885128,70.42778280975267
23-05-2020,27.91196248517473,2.1210680161097057,262.3054023757044,20.872005140958002,45.05246635708704,1.0914315472936265,0.46875001016494083,70.1131978031607
02-06-2020,46.366636803884425,1.1355673657059338,574.8912779704716,14.268329635305555,66.40903007708941,-0.005656333368647459,0.513387669662251,68.3604826536845
07-06-2020,34.81961168815872,1.84516826633167,369.21753246717867,68.6480057044018,53.3502811244366,0.8314540340046781,0.3909820822509129,69.50430923004325
12-06-2020,38.33481340649014,2.076995489582478,428.4113723522772,32.806669091059845,57.420855074548264,1.0516669438903596,0.5704917917654289,69.10829038164242
17-06-2020,34.20761268412992,2.455470457910211,359.2326054444219,56.019183189490924,52.6319108897658,1.3746483599054322,0.5927672784904503,69.19338653504369
27-06-2020,41.17428322112031,1.535678973809033,478.45364291785415,174.11942030344449,60.64490342085901,0.5026655325580442,0.3376700029934503,68.84774779382728
02-07-2020,36.85054763972278,3.5219872178513807,403.03867222334014,52.09001653328012,55.713295184178236,2.119057391797564,0.4696485533643984,68.1854698409235
12-07-2020,29.145663767056735,3.1218538854006823,280.4452294723615,39.984756801000344,46.56704848761162,1.8625517083154142,0.5381882622784379,69.21488496361872
17-07-2020,31.3465303506351,2.9301953658738165,313.85426516854346,41.578830180354494,49.232166125568156,1.7309062893839284,0.5249365759860758,69.12612490951649
22-07-2020,45.55193502556296,2.4583535602189905,559.3489802310121,68.99070692965074,65.51509752747616,1.3769612806254568,0.4510948913842654,68.05404707543232
27-07-2020,65.98604922424,2.292005616654095,992.0107156576361,26.11901774357343,86.97308895852699,1.2400630823664018,0.47140382186043217,66.79555016063048
01-08-2020,67.91003053015541,11.727179842388082,1037.0845441003169,121.61996188786503,88.90522678628238,5.157068973290836,0.39941118478379406,56.9118290759864
06-08-2020,101.88322524781928,4.967887487917189,1941.709658813924,44.61750917269411,121.2297507483915,2.895304866582735,0.3565380945088242,63.09577163158273
11-08-2020,24.617281322754227,4.621823961495811,216.00728601035524,58.057030705295205,40.92744180496352,2.726690160009009,0.6428571316768,68.79997030157452
16-08-2020,95.40839269315624,8.7374286251442,1754.26925172921,37.529201729223466,115.2944770713698,4.3259995775639135,0.36652543317648045,58.20456239535667
21-08-2020,71.56428919042264,7.573333638875877,1124.6220585358935,29.557505771699834,92.53995696932606,3.9440876752877836,0.4522924786646935,61.18280983325664
26-08-2020,84.34495707370931,10.11893388706703,1449.9024445702705,20.938871442001915,104.92681450004876,4.7327755732058305,0.5285881352464633,57.142872284549696
31-08-2020,57.962549133095514,25.21823127275176,811.8300961346977,56.12006574747435,78.76616519923466,7.633872752741596,0.3063427919678718,49.44708810938959
05-09-2020,83.1125825118311,6.7756438043237335,1417.280257934862,14.696909258766294,103.75272408381923,3.6562501732648025,0.4404945780474061,61.57841168984985
10-09-2020,74.9869693103747,7.426977895912931,1208.8588500990438,27.687148424365873,95.90487276562749,3.8930308121647164,0.38802082398574844,61.175235703615
15-09-2020,27.469652118145603,9.848366692439606,255.90677436853693,235.45322148125732,44.50563849407757,4.656526170406392,0.2641128799063991,61.7010512810432
25-09-2020,24.74929478660532,11.263181225027028,217.80083000673415,226.91005422325205,41.09512881599606,5.039359242456233,0.45276289307853473,60.81661050401632
30-09-2020,19.591966334091534,26.6527961322071,151.75968116963895,1277.734383444306,34.3719914360115,7.832190081774889,-0.026558911423693276,53.39272111022907
10-10-2020,19.42304879813924,4.012521661357468,149.74150630160906,38.10833744873206,34.1452013609342,2.4053768368192463,0.6870876648390449,71.10031335487301
15-10-2020,24.146768414443944,6.067965006030807,209.6576115780637,112.83820838540001,40.32805041394646,3.378878879522982,0.552897880931803,67.11591163132474
14-11-2020,24.80145291462727,3.5933557706290853,218.51089651357336,91.08278010749011,41.16132336420199,2.162493104411525,0.4513124267263622,69.33914504810424
24-12-2020,26.25555896412228,4.787548654918218,238.63239792667932,59.48136874463415,42.9938517776394,2.8085716025316865,0.6275207824682628,68.55397622730716
02-01-2025,34.82046962309506,1.8389423795467916,369.2315976780811,113.6369436818722,53.351286078660735,0.8252618888317658,0.2941176731290481,69.49522564895412
22-01-2025,35.767565620583184,7.927417040449084,384.87348393548695,116.2716122230586,54.45716335664656,4.064634311257403,0.5309973018756836,63.40793776379058
01-02-2025,29.816579327560426,3.2231035675986117,290.48871019777624,65.71068459657944,47.38435569692465,1.9296766829853587,0.5205479221947558,69.07552324733929
08-03-2025,17.123892922485023,4.663879940314441,123.23919625146073,33.128560899516366,31.009863796294503,2.7476740587686175,0.602678583493297,72.1554871189337
20-03-2025,15.444305932901873,1.392338672835736,105.05868499940081,9.019008227686752,28.656553298969452,0.3333590287262309,0.717367848088045,75.29970682880905
28-03-2025,18.805871868137494,3.2869670644154403,142.44924476607514,41.80335869264425,33.31258335242115,1.971210606091705,0.591359110018389,71.91335396796651
12-04-2025,25.70349202402751,2.0336580772162454,230.9194230022265,37.223791905415496,42.300999679031385,1.0119468215670109,0.5876106205193081,70.41025921764916
19-04-2025,13.26701273558235,3.058006157904255,83.06122827343106,30.503704036541098,25.513512181107107,1.8193833111702125,0.692596044457205,76.65872571905749
02-05-2025,37.97123357991739,1.0478654518515371,422.14566256323053,312.57235819801275,57.004040294758,-0.13457940766533127,0.22640633948446695,69.14036217036866
07-05-2025,25.635699237930652,3.2659500264216748,229.97846679830252,27.649307538787784,42.21567839528768,1.9576090755901232,0.41853030865935426,69.47329113910905
19-05-2025,25.66964785846001,1.4679711604213184,230.4495001847277,16.37797348492109,42.258411401605535,0.4242320989758497,0.5639445159614415,70.42975961945702
27-05-2025,21.168917366242766,5.360065241083228,171.05525124158336,46.51968318794007,36.46765456817771,3.076106294609633,0.5651408323688898,69.20949275793639
06-06-2025,32.23968599665372,3.366145685846458,327.78735911283763,38.55505910112029,50.30103493280129,2.0218768870406825,0.4485910104408278,68.74644350147373
08-06-2025,36.08228468979465,3.153723662323694,390.12183636572405,40.83026336638121,54.823112322767194,1.8838532474584904,0.430474574691885,68.49975223088877
11-06-2025,53.23143118335677,2.7357832914228415,711.6923868221588,73.35794071426201,73.80211563508088,1.5906317102412189,0.3020134097678116,67.20081083061453
16-06-2025,30.398805428933166,2.980234648770678,299.30521122302906,58.540427092468974,48.09011643283898,1.7658826175989413,0.3799849200019812,69.18252875408925
18-06-2025,28.569249538131615,1.796562287434976,271.9165697605178,104.22441077972167,45.86131890004615,0.7826904464857574,0.3809291227194757,70.1222301640309
21-06-2025,64.2905655791283,1.6381644556545942,952.8799078323818,48.250573123939695,85.25939684996186,0.6166155105963309,0.4941419874744496,67.1329159506275
26-06-2025,50.6564774598776,4.065175062322424,659.1745688569049,42.65400242287937,71.05695675698638,2.4345277369499163,0.39519999608993517,66.51755281497284
28-06-2025,35.04422225962763,1.6670982441313502,372.9063117041903,39.798608714893746,53.61318334759321,0.6478200492851363,0.5936719445438579,69.48761805229427
01-07-2025,40.06378903656425,0.5646782770204547,458.6503486962684,4.5959206195983695,59.39044155661459,-1.043024672344055,0.6443594608137299,68.99270191221966
06-07-2025,45.22364119471609,6.119131889835946,553.1286570953287,14.127508445970514,65.15381482547984,3.3997205546471134,0.5060826922011907,64.95595793435615
08-07-2025,41.81882635791249,4.1640766917966925,490.08269492495185,12.387734827974342,61.36934694329222,2.4885303450134257,0.46835445317070207,67.32710947222974
11-07-2025,69.37517139659832,2.008009143404824,1071.8808195461654,8.992798708058377,90.36793663936238,0.9881403521285206,0.5141104395431103,66.83569115646249
16-07-2025,43.30323849952503,2.7904904503577797,517.2376654449448,18.898043822780426,63.02787074204316,1.6308375076391632,0.45593870141948545,68.03505903364378
18-07-2025,60.36495031901057,3.3527352797953793,864.437993346772,20.092162310869686,81.25003598750932,2.0133586003530626,0.461855668083858,66.36072594804413
21-07-2025,42.75745716206004,2.327695625354407,507.1933799837157,18.211938190308217,62.41965348126685,1.270044707687073,0.4587525315294834,68.45056718846887
26-07-2025,44.312868684553784,8.52555199112742,536.0009560233796,25.023295989654844,64.14826892821267,4.25944110929423,0.2763938093274863,61.77871537192504
28-07-2025,41.45029775481625,5.846186929493992,483.4215071816119,8.139135620695644,60.95545848633526,3.28699619290913,0.53178294842278,65.7201592749911
07-08-2025,53.00876642182939,2.4727028279528773,707.0950148578731,19.64400886898992,73.56598802074315,1.388442729823904,0.40041494092622737,67.42710248309254
10-08-2025,38.970469005877845,2.006740287401412,439.44395045387864,13.103193204972968,58.14735497310472,0.9869567662968848,0.5170842856495811,69.10033246077123
15-08-2025,52.476128794832654,1.3363816237553907,696.1403889710335,2494.9752011855294,73.00019540141409,0.26372556480452847,0.060334738435315415,67.35243723207293
17-08-2025,45.230686912434955,2.0849905440140866,553.2618971883686,16.33844734227121,65.16157500902469,1.058926951965745,0.5507246308346376,68.4147366673223
20-08-2025,49.19219136553066,1.1523081618130575,629.9488334898218,8.937851914272173,69.48126433380766,0.018101580902782466,0.6098606555788108,68.07899329306409
25-08-2025,44.51788261439539,2.949584592849777,539.8397740634258,11.69067996870423,64.37503738423759,1.744511422831791,0.5845539446086543,67.80136217973492
27-08-2025,35.6351792466859,1.5867523787876596,382.6732791048373,13.965383863644426,54.30300082314503,0.5601388165363312,0.46727898009161606,69.43368899855868
30-08-2025,52.87655775202282,2.1137691141074018,704.370277561721,20.473157396372596,73.42567519824938,1.0848889564097774,0.37847864534344583,67.73842294698959
04-09-2025,36.44212761339823,6.02333885709018,396.1533868275828,31.917063844473475,55.24061073349058,3.360594089152438,0.3558441494353246,65.96547087964866
06-09-2025,49.03219459872905,2.470741564193326,626.78389803126,8.773915272801586,69.30843014273371,1.3868763788747636,0.6289222385939891,67.70814937819779
09-09-2025,37.8740466488903,2.1811818662276576,420.47633197934806,9.563019424581002,56.89246444546603,1.1446873375642541,0.6488169280532314,69.06599539366181
14-09-2025,52.79491641647366,2.7186646313645597,702.6895575843135,15.26148110777615,73.33898813884112,1.57792756245418,0.4748466357499587,67.25132515633585
16-09-2025,86.03447555837099,2.5341976031220224,1495.0500651031493,5.66004241772224,106.52988842277398,1.4370915278587892,0.5647058760689306,65.39970793015542
24-09-2025,66.43119092510855,9.894894870617783,1002.3762449205681,12.277624590209143,87.42128425549357,4.6697487821691075,0.5029069582493236,58.447029366788556
04-10-2025,30.59599043934012,1.9771794362929809,302.3121873562606,216.1531425940772,48.328415673014646,0.9592230741541758,0.05541934728310507,69.89717032754717
09-10-2025,19.314538578119937,2.29174919945533,148.45010121155042,18.916718761059975,33.999269685033624,1.2398464209844882,0.6252676779526539,72.33667262951931
29-10-2025,55.50154583370978,5.761534632728536,759.1601199169916,11.586306385164308,76.19642446229855,3.2512384430495844,0.6018306774657457,64.65481691292226
03-11-2025,37.47257244438824,14.168519987130125,413.60521634203144,44.65684092844035,56.43083321073774,5.72482559779838,0.22968198065916182,57.57969091557173
13-11-2025,48.29299644416257,55.019434417991484,612.2349201827102,18.454636373145593,68.50818864636264,10.704570376252978,0.4448161047651225,41.98601379591617
15-11-2025,30.32973170111226,7.337597871114469,298.2543832615086,6.419272979534986,48.00655441985906,3.861479850731121,0.5325203354373966,64.76666525344729
23-11-2025,34.477473329188584,0.9934234016898547,363.62353487013047,4451.461891102378,52.94904578194253,-0.21871623278304853,0.06718219834835501,68.66196028886066
18-02-2017,24.447852978598007,11.119517637956356,213.71310742890395,94.7082161808432,40.71191872534615,5.002181024888697,0.43765281574447934,60.9747694200149
28-02-2017,26.96761371380451,25.55747204793097,248.71199468748435,198.40150938116264,43.882449335772925,7.681515518091929,0.2775329944631844,52.03429389429566
25-03-2017,22.049235763421116,7.364238040887486,182.17720941751307,120.9872537937758,37.621462047800065,3.8709136358285052,0.5166834910551877,66.01100171171613
30-03-2017,34.67472944118173,2.6605443025236526,366.84501097156226,32728.601990313415,53.180487471875814,1.5343447514440376,0.06107105422566696,63.08889200589078
09-04-2017,17.9204862018472,1.3776012245040055,132.21466909596532,12.569931451048891,32.106780508472475,0.3152251883253525,0.6807511444774318,73.42894897726322
14-04-2017,27.846245439616435,1.5404779962788935,261.35118768385706,137.66637849428224,44.97135024507904,0.508126097731961,0.45812807279107254,70.1878421803395
24-04-2017,23.406075407158948,1.1824374965238118,199.7982101110229,16.90457309479768,39.37886134838584,0.060218883189303796,0.5737963486067936,70.6613926083712
04-05-2017,24.559733522168496,1.38272050463777,215.22707830477424,20.71291514460217,40.85427682116781,0.32154059429857273,0.5490039887468927,70.53988406475423
19-05-2017,26.002967461473972,8.431374749948358,235.09231449666254,229.17384451538655,42.67727586775569,4.229459715250036,0.30528050375761,63.69303401975113
13-06-2017,28.0770522482952,7.533318402949342,264.70792646151205,636.9946808330295,45.256042514111066,3.930201835681131,0.2612244330089011,64.6013756003734
23-06-2017,21.24961740718264,12.050208219621144,172.06448937141147,466.2847754625189,36.57388982083349,5.236980095532444,0.26670992773927843,61.312040068048404
28-06-2017,22.820165685403296,13.127646274980483,192.11868512851333,297.047501648359,38.623008592974344,5.492466615744269,0.34916863935492953,59.91094589761732
03-07-2017,30.699414167696524,4.807215092553375,303.8935896085277,65.44743777859532,48.45325918472077,2.8181473380388846,0.5389773719060652,68.09882175763575
13-07-2017,29.59871336979751,5.159209872387524,287.21362101791857,39.52482229054518,47.11943154376949,2.9847891475015826,0.46562229068420175,67.88822467867304
23-07-2017,36.89048810124435,5.215730706604314,403.71424931589064,91.66509473170649,55.75945382079323,3.0107502520224285,0.3338160834726136,67.06613721230248
28-07-2017,26.51513168540025,10.686071207267103,242.28974993534425,49.547169328117214,43.31843100971949,4.887794211808122,0.5201957943429844,61.107747582152676
02-08-2017,125.07543672094431,5.229790141098577,2666.196681253138,20.935064934078113,141.80879973249804,3.0171753932065206,0.5920114152247619,62.74884745270809
07-08-2017,68.27475260967019,11.779280817870625,1045.7085438967583,47.7587587884725,89.27003255801577,5.170067950824381,0.22950818712692866,56.86826832206728
12-08-2017,70.87959867432713,8.891434309729117,1108.0301061628695,53.881439273414024,91.86231771585054,4.3736265838691954,0.32338303957967157,59.471386898087374
17-08-2017,50.10362014441636,3.3195151766444213,648.0850969529158,2.4059125723407124,70.46331377200131,1.9921471578777998,0.4826666462686325,67.00115445094276
27-08-2017,35.07313987047692,9.886506918456277,373.3821661417954,384.8991375749228,53.64700196051561,4.6673684848697485,0.2639344329372332,60.8618307821113
01-09-2017,161.3446645508568,2.6630524242673306,3952.4024156078362,26.37865133584029,172.28367615398284,1.5362401151663345,0.4,64.45848415456649
06-09-2017,34.85969579921427,23.675067097263994,369.87488401849953,63.1590156378474,53.397227989678974,7.410909483669923,0.32454692613835545,52.19452086854107
11-09-2017,35.534613282758706,8.111967357370297,381.00489562950685,63.35235185192683,54.18580267256585,4.125877506311137,0.2352422956649602,63.1960233376723
16-09-2017,53.105001032762914,28.587663297525147,709.0806850437111,50.5710154260139,73.66806981383478,8.087424929755702,0.3910256259092522,48.11327205457253
26-09-2017,34.5711471571987,10.23658554826696,365.1521118843318,281.2021660319226,53.05899257559931,4.76545729407136,0.41200827662324413,60.602894782868916
06-10-2017,23.746472011973683,7.867465337093566,204.30841343252524,79.54222711497754,39.81594067936405,4.044510440497363,0.5071283350688304,64.69746857578872
16-10-2017,24.189156149226626,5.907819861019903,210.22689751746327,58.04472995392965,40.382160609719186,3.3127880924536806,0.5535512999142175,67.34886748561297
21-10-2017,23.340068126315266,3.6160750965703445,198.92774625459776,39.763474202487906,39.29393329892663,2.1761851965935675,0.5402299029548285,69.51044872914514
10-11-2017,27.105869134665763,7.045010141004393,250.6861166805302,77.24102531842607,44.054338783268626,3.7561484215132763,0.5075144491742474,65.47280631895208
05-12-2017,39.28299173119714,20.402454956940094,444.90440496577406,331.6451117210305,58.503516821028185,6.899527409520361,0.13993177590773012,53.33482926806726
10-12-2017,30.80325337615108,12.216398384078891,305.48427428784294,75.64015385938876,48.578504621463715,5.277471130939413,0.337423280634695,59.57437053482204
15-12-2017,40.74361784417542,17.50933452930436,470.7385648458582,49.09331606566481,60.15936290548504,6.393609617710246,0.3244681337225568,55.046264593548955
25-12-2017,37.7063965359357,2.1053571569452925,417.60218669983556,8.282129888521427,56.69983441250773,1.0773277015794163,0.8245614035087719,69.15037621884932
30-12-2017,30.749205899008025,14.617678572459505,304.6559696084428,121.47240200940088,48.51332780269382,5.821169171892053,0.6749311238223099,57.935010305953924
08-01-2024,43.852257895359486,9.715588712581422,527.4115305735518,129.73364755780705,63.63787783642135,4.618534563107342,0.5274725066665042,60.25470420526373
18-01-2024,22.354858183968318,5.048133912805365,186.09601200283652,36.98938574908365,38.01947973645037,2.9331450400804533,0.6214196502160994,69.14661036482522
23-01-2024,25.16646287612436,0.9459619051728588,223.5028333685223,4.250417659088956,41.62364966638457,-0.2949202856844382,0.7514970069480987,70.48250362885575
28-01-2024,22.699795013289602,1.1533998898556104,190.55418481395873,26.67781390901583,38.467161527276204,0.01964195262006907,0.654300158199196,70.97657334085035
17-02-2024,20.763602318764356,1.1495312381915275,166.01818030259213,11.467368154531162,35.93263692865393,0.014178571790321115,0.6365441869916639,71.82752815309021
13-03-2024,21.347346494078874,6.622516236738097,173.28949812543902,67.32916109164651,36.70241537131046,3.598132841710945,0.6407982223179288,67.34343048991303
18-03-2024,22.703499578434936,15.422794476982684,190.60226694684454,333.7040928250631,38.47196082282148,5.988472636292488,0.3165467912704791,58.41134009081697
23-03-2024,15.088118303607772,2.6880703294484247,101.33631191091675,19.08230698653619,28.14990817618152,1.5550733810275492,0.6826722446988305,75.10073389601389
28-03-2024,29.631179536050603,3.8577151487603167,287.70083956738245,100.43442522244794,47.15893931644334,2.317983354333541,0.18377087562812036,68.69881180701691
12-04-2024,20.805035500924134,1.8961392527817305,166.53065013242633,15.41000246745115,35.987441035386155,0.8815713267341589,0.6791044680165585,71.80893044588272
02-05-2024,22.327262464175824,2.7534457619315766,185.74096076986785,30.27641417840001,37.983594192956915,1.6036774094553348,0.5752482949362107,70.53778210742827
07-05-2024,21.74102345039669,1.1797019092941963,178.25512600735755,18.330158209296524,37.21875347377611,0.05642812732158298,0.6561461873171197,71.40209492978894
12-05-2024,20.98256605893228,16.0160277603911,168.7327589642642,454.1294630915004,36.22197242353165,6.107622475077307,0.31250001732370825,58.750598735517364
22-05-2024,24.277861154961254,5.268505076033985,211.4200079944989,116.85967515256489,40.49532507496058,3.0348016985750723,0.35297887297541164,68.2455351748643
01-06-2024,44.69155988017204,8.723479057981027,543.0993869471424,49.350589355639855,64.5669515971138,4.321654751326897,0.49549552421902204,61.47584008480374
26-06-2024,59.45721330033506,16.570095704128985,844.4233094596299,211.1300084518186,80.3143023401033,6.215967531112178,0.20071684468169396,54.13251932333529
01-07-2024,30.339937803969516,16.65989323388652,298.40956788517775,366.1231703655909,48.0189040826953,6.233271395784604,0.17487268314537324,56.57621785195899
06-07-2024,66.72664637094114,5.083016003180156,1009.2771812171859,74.04421570341802,87.71837591745124,2.949453812257084,0.33527695251999956,64.9491225591656
11-07-2024,53.283975035399266,10.618178996895582,712.7787966381708,58.822418649344364,73.85780246762782,4.869565252328127,0.31884058166629403,58.61254226337026
16-07-2024,54.238140585713005,8.278340705621547,732.608901789617,51.13563893561952,74.86680884065615,4.180203821843695,0.3333333594482309,61.27693990960486
21-07-2024,65.2516257032113,19.946415219931048,974.9923688694706,29.913679511486286,86.23206688107969,6.823496913460594,0.33146064241167766,51.646914581171025
26-07-2024,54.86197392794837,2.300281694814132,745.6774075098292,33.044715588441285,75.52423611611196,1.247046315928917,0.44651950357121895,67.4546263052765
31-07-2024,118.10995643721878,2.9657147985556063,2440.154378042763,30.223249584857935,135.7306955944162,1.7557789887726303,0.44575723247504007,64.2381763613104
05-08-2024,132.3203136275936,3.0629220949822793,2908.711626137802,11.972863585916697,148.04671208226767,1.8227308217496505,0.41207351904312645,64.17487460553318
10-08-2024,44.3098656232663,6.4036459145138345,535.9447966259366,30.293394758610823,64.14494537118972,3.513297185497435,0.45137155948877683,64.64601165871038
15-08-2024,68.55406700696575,3.530064180787806,1052.3300832468747,17.983858976138546,89.54910077392871,2.1240058999572176,0.42412452113893284,65.7591533078296
20-08-2024,57.88502239113825,5.8874341905014305,810.1519061635349,63.90260501488449,78.68561018367146,3.304279495280208,0.23809524134422663,64.3224044497471
25-08-2024,49.02439258507874,4.592014983550758,626.6297084896397,31.949526650163115,69.2999987373403,2.7117304770386434,0.4468085241296157,66.37944035912345
04-09-2024,76.77050185398828,5.359383644467933,1253.5995361293826,19.344298751379192,97.64391496091999,3.07580076513739,0.47286819056390694,63.954716619405104
14-09-2024,34.023070141839156,3.999058518226693,356.2407585763067,13.4186593037304,52.41470096305847,2.3978773474392385,0.5641931969622695,68.1971319065161
29-09-2024,37.26614143663188,4.958093124203391,410.0878002775627,23.47432693324024,56.193017500135284,2.890655175218355,0.6331521493274579,67.3780358157318
04-10-2024,24.518625473184873,2.9111826406419055,214.67036431572728,16.469186875494987,40.801988248850755,1.7174999520042098,0.5813953469183907,69.82734366330222
09-10-2024,26.214281833213903,4.4303270098177725,238.0526199481742,15.777409483902575,42.9421678600021,2.6292998502992058,0.5558167101196304,68.74611648448263
14-10-2024,28.674209483970834,3.5378198416263213,273.4626292612011,60.72815521588393,45.99007389183721,2.1287496112341033,0.4669020471307392,68.99168380932564
24-10-2024,28.21876531245691,1.507745931893518,266.77641700498674,11.930179280487009,45.43056753755989,0.47062663973051055,0.6349726687854816,70.17573743289822
29-10-2024,30.966350170184985,4.26,307.9886251332816,13.433193152698493,48.77502297662341,2.54,0.5270108242933369,68.36067834435097
08-11-2024,21.273659800639344,1.5089357863190702,172.3655698073371,4.4471225286195235,36.605521358224514,0.4720003824304717,0.6762401888780604,71.60866273390137
28-11-2024,47.36205953074953,10.783475831783676,594.0845216115222,196.57709997561952,67.49625620552824,4.9137968731297414,0.05625002037268114,58.91894383790835
13-12-2024,23.730968362469792,4.450277218947612,204.1022202765525,54.766872707179175,39.79606574887856,2.6395909056665117,0.5455568414115489,68.97635888354509
18-12-2024,24.17673142075814,6.074556280058597,210.05997146069444,20.501022665507143,40.36630209866275,3.3815710271483956,0.6624113281801735,67.12209934618409
29-01-2018,24.541434019208644,2.9868608524666516,214.97919072732782,27.646637008362156,40.83100278627283,1.7704812545105701,0.5977142810432278,69.7698460161669
08-02-2018,26.309970950803685,10.466463071704819,239.39742868661756,144.3540653889357,43.061952884151516,4.828513196540848,0.5507765661781054,61.27838735944859
10-03-2018,22.27727438861417,14.876664181906516,185.0984157609509,163.2434430818231,37.91856296185329,5.875720755999132,0.5850746181935208,58.99809075647764
15-03-2018,25.507471737608295,15.930731699347202,228.20239798428833,149.00171042373398,42.05415091630508,6.090695860550604,0.409756090247794,57.58152994604034
20-03-2018,32.430758951028054,12.277260495414561,330.7957396865731,314.5750301986556,50.52878750746668,5.292196923362169,0.2901168755461994,59.321621312460444
30-03-2018,22.577904390875734,2.5537461513339053,188.9745390182474,17.55417670513821,38.309148093806996,1.452371835881217,0.6976455956715172,70.58033918253692
04-04-2018,21.047109229631747,2.898968758228051,169.53588945995722,14.202043260786999,36.3071228959689,1.7088531411535088,0.6577181008094027,70.99597180829898
09-04-2018,26.56416910588089,0.9363305998368308,242.9828862233248,7.17934261625421,43.37966498193154,-0.3107309857605074,0.6405959083654251,70.34214722088866
14-04-2018,30.777108527469576,1.8683939969115428,305.08349219011285,12.759677865265756,48.54697944684266,0.8544172307090179,0.49178910767948303,69.91973721167999
24-04-2018,20.531470656074305,0.9031109848070463,163.15737734671967,5.128475824332135,35.62511567576957,-0.36621292068776334,0.6708133841660189,71.9282971766485
29-04-2018,31.811155555627074,2.222217000026016,321.07567599883834,28.878511813988535,49.78908072205538,1.1804152010151876,0.24481329340179486,69.6326935410593
04-05-2018,35.01155811080877,2.2258379662697365,372.3690638613489,83.67843312457238,53.57497532235881,1.18354414388636,0.25348190108758967,69.29856435840784
09-05-2018,34.29098007762003,10.183127758833901,360.5870728941252,344.07719133624363,52.729945285000554,4.750642522410096,0.23493047425276048,60.65988015214371
14-05-2018,19.003702207392564,10.921365905309642,144.77269725617884,141.36448584637589,33.580162446261326,4.950309308983928,0.43993637903810934,63.33235225214276
29-05-2018,29.704523282312696,1.2597601971952843,288.8025796753523,55.460313923389,47.24815313130978,0.16475716489583547,0.4435146228296807,70.01845560898404
03-06-2018,33.107178091132255,4.285563772401876,341.5234683869922,78.24747075815807,51.33253426623356,2.5535706463899155,0.39957114160653634,68.12006205034523
08-06-2018,34.41603792570883,5.986997679559162,362.6222573959695,202.4189627615653,52.87689965891206,3.345629096458514,0.17732071403482738,66.18528563885913
13-06-2018,32.25287713218192,3.1666717317417366,327.99473710905824,44.65597293170648,50.31676852094902,1.8924617735283649,0.4168636926326238,68.8733193186671
23-06-2018,29.91804702983399,2.426160998926785,292.0185043057983,49.09356153797062,47.507584313127126,1.351019544370633,0.5982340096238032,69.64735704033838
03-07-2018,30.983588855159404,7.6520580862307535,308.2537468923723,241.98362950401014,48.795779926254106,3.9712471271887617,0.20500343534433438,64.22993917516375
13-07-2018,23.577083753307715,18.607287550427053,202.05959986272197,422.42197508648115,39.598626893082,6.592472632023829,0.33667499446964005,55.98018534881935
18-07-2018,28.112869894519047,4.925936078565759,265.2301954927254,146.66552299816806,45.30017285663835,2.8753408630134656,0.4409127963268091,68.284039042935
28-07-2018,33.41931127431214,8.537835396381045,346.51442556893187,61.98089923809891,51.70211588067241,4.263333294936701,0.4198473313454014,62.84450400140342
02-08-2018,32.44052557843721,3.482438350220636,330.9497726618609,107.59322787990591,50.54042049825665,2.0947040176404057,0.4684095650738422,68.6397247789399
07-08-2018,46.9342074736153,0.7535367980868366,585.8076185220111,54.38979433619326,67.0296112646426,-0.636778832859271,0.46141217246197025,68.29570129377123
17-08-2018,38.67065758099517,2.1967750435757853,434.22801354126625,46.647494669664894,57.80504670170802,1.1583223846808783,0.5004191107769418,68.96528235828568
22-08-2018,31.74614604068022,5.037722228262495,320.061780963233,62.31142282648139,49.71127409917206,2.928260869565217,0.5207373242222517,67.84694001353897
01-09-2018,36.55650272878333,9.88776522498919,398.0773360412011,207.44823762957319,55.373107833150435,4.667725657782724,0.3355629977838676,60.74736919682384
06-09-2018,33.98715668776474,6.329865617498981,355.65954913634476,136.70284235725748,52.37239796134304,3.4842119802402065,0.5367646911122421,65.7598661650129
11-09-2018,23.18027644178177,9.168734401057051,196.82607600137965,109.67264215743675,39.088103190427674,4.457853019544712,0.4810605753933449,63.11808838008511
16-09-2018,37.339016944738496,6.078160642300388,411.3283276582724,157.41340055587017,56.27700796557799,3.3830422752718627,0.5487804534550843,65.77341270784274
21-09-2018,29.115724267359507,8.728411282495475,279.99995542578705,206.0945144881364,46.53047366338639,4.323191567302168,0.5313174913420694,62.995605820568784
01-10-2018,39.900303599576084,18.667041571187273,455.75996887293877,181.0359278006411,59.20507431949606,6.60304142948909,0.41750841866981236,54.35780852529736
11-10-2018,26.152795219259048,7.147915267650228,237.18990397049345,161.82086926370064,42.86514369133609,3.793560095509757,0.4202658081254584,65.41088094106138
26-10-2018,20.15709940190009,6.256624280068697,158.58074389013018,68.03158708253503,35.127427170278125,3.455087948771598,0.5447839753636231,68.3634850098164
31-10-2018,23.96538120937956,5.043761491477568,207.2276681166105,50.53659851672001,40.096246686891874,2.931094832906795,0.5343283565492134,68.61849823497434
20-12-2018,32.051315608966966,5.3488576550582705,324.8310447703542,46.53893719872693,50.0761923583956,3.0710787463988174,0.5648854905753358,67.36562425020647
03-01-2023,29.10168421332515,3.311788070560039,279.7912313547646,23.50034151614941,46.51331894013711,1.9871906157452601,0.6505681914392828,69.097940894619
08-01-2023,24.632637527148738,5.001422525693427,216.215647154299,29.474357142570568,40.946958528076955,2.9111733753771967,0.5911764744956008,68.618245474786
13-01-2023,25.792771065331394,2.5057222170117712,232.16067481632638,24.29172678727646,42.413281905081064,1.4146753189817787,0.6188235151808978,70.00118922912762
28-01-2023,32.51520445498882,15.630746286187538,332.1283968600402,107.8927214756258,50.62934296872659,6.030622605864571,0.5974235149105865,57.08702978242057
02-02-2023,20.083529268953757,4.134724017576293,157.68677730185837,43.421688721227234,35.02936824564221,2.472603887277212,0.5787036882335607,70.63871145336695
12-02-2023,19.45694428177973,1.1131075724252877,150.14571349934292,4.876656833903083,34.190746845264286,-0.03794447338546725,0.8069498107446446,72.49138902411683
17-02-2023,27.862247972567392,3.1353422451685704,261.5834320973087,7.227683328403872,44.99110670043477,1.8715869486124062,0.837579609451207,69.34074271746518
22-02-2023,19.980669929282765,5.040730148485145,156.43990680069444,56.445516821652575,34.8921288558445,2.92967267228621,0.5809739511926224,70.18570958239431
14-03-2023,19.805442305399446,4.050717384197102,154.3238461876182,40.31657089378393,34.657948613357235,2.426551617850941,0.629469119715751,70.84178314468065
19-03-2023,24.65733531457142,5.5721150397648955,216.55090866039762,69.006139884838,40.978341778660514,3.169782822316253,0.5492957899963125,67.77856737848474
24-03-2023,20.889391848191835,2.9336391111044087,167.5757415817608,48.509400955212975,36.09894071622097,1.7333276103981765,0.5867298739524255,71.03267821574464
29-03-2023,26.437481711080547,3.686999595272677,241.19361101397067,47.17797691322831,43.22141340347234,2.2185198855620643,0.31910351941735027,69.12829634794724
13-04-2023,19.947589434476964,2.396982688928233,156.03964544117935,25.526063137268274,34.847956096385815,1.3272839288870317,0.5964566768899487,71.85561014971097
28-04-2023,17.403124610314816,1.8016240646508987,126.35999837836033,14.667181092374019,31.395709211226585,0.7878142279159537,0.6434937553407866,73.73986255726413
22-06-2023,27.98900126544276,3.942041221693144,263.42557219510223,195.04259462196873,45.147499915277415,2.365906070052886,0.30308529765588416,68.79618528447844
27-06-2023,37.403256263299916,6.9232571416690405,412.4229420479827,251.10582100109352,56.351013043227994,3.711354130926561,0.3676470713557439,64.5748419368742
07-07-2023,27.95286997978687,2.430952691522431,262.9000011923984,21.44514897651372,45.10293673665504,1.3548970416808448,0.4191419304220293,69.84552693054516
12-07-2023,54.37669458794468,2.5098105654561076,735.5043763157731,54.53769125544308,75.01297723899866,1.4179053700871025,0.3262519278659452,67.30858541638513
17-07-2023,55.11874043715331,8.015860430948663,751.0800066264667,38.50636964269765,75.79431756078647,4.094115600691709,0.3518312809815929,61.57519826820189
22-07-2023,41.79230955314944,6.886171119422255,489.6023268938095,65.06892897127105,61.3395951133328,3.697593036251905,0.2204789203635071,64.22399110321663
27-07-2023,39.058869442262754,19.553506560973442,440.9860828340972,28.628688059766517,58.24816720557134,6.756944284014067,0.41847827874998905,53.906078610463794
01-08-2023,59.50807491447422,5.073447987107119,845.540372786488,58.980892064276404,80.36682118268028,2.9449887151584013,0.3495934928570212,65.39928262445318
06-08-2023,45.06271612855975,10.63458094299977,550.0885245115021,35.77030734719971,64.97649364523683,4.873977100894408,0.4944237782646301,59.29530675328029
11-08-2023,42.27679121137421,1.5010455981302053,498.40521322621527,25.03517586063387,61.88248514831318,0.46287564981070606,0.4905490543018728,68.76731384369045
16-08-2023,47.44080628772842,5.581620252861154,595.6123619708164,18.337459658996927,67.58203446054061,3.1739191731603436,0.40561226380756976,65.49671245327386
21-08-2023,38.53505095761954,2.875750129206728,431.876044918905,21.379884742790956,57.65001338281954,1.6923402833161427,0.5015321826080236,68.44987864397334
31-08-2023,73.13089444516251,4.945499836758418,1162.9115837967393,18.626922053228192,94.08472055577577,2.8846666646188472,0.34972678151824504,64.72375428426076
10-09-2023,37.6781105924084,9.210773046273513,417.11794742254216,383.47844152969543,56.667313988499444,4.470455188814136,0.2730661690354779,61.474265017365575
15-09-2023,23.39648410942087,5.990146316923728,199.67164256750488,89.94499036161044,39.366524242759894,3.3469283567194426,0.5417700570835272,67.31404411554229
10-10-2023,24.600464167101016,3.92379946313463,215.77918331620614,74.85393465799618,40.90606501967343,2.355604543183806,0.4497271943570709,69.1693782531745
15-10-2023,23.460385027453395,2.5331779725585952,200.51541839747054,19.361073040075667,39.44869635223339,1.4362921138323168,0.6339370612019036,70.21379716881434
20-10-2023,23.003638026170833,2.7712011858483376,194.51201830181972,30.653859553981842,38.86018327719722,1.6167289779344118,0.4694214932010373,70.22312262615586
30-10-2023,31.66433776611695,1.3250327542357747,318.7875010892376,11.11933102555578,49.61330854193365,0.24933852504929366,0.585342315294528,69.83134235718319
09-11-2023,47.10801578323003,0.4982563440373284,589.1650356475724,7.820161840106017,67.219298898971,-1.2101854688956406,0.38672769834576437,68.28763438930898
19-11-2023,22.064402581608086,0.9148325568549136,182.37098859847504,2.9607020296068045,37.64124457811326,-0.34646479920496986,0.7050805479749517,71.2630745721406
29-11-2023,52.301426927301094,1.667313773414988,692.5605126377893,108.92042268124143,72.81432483469081,0.6480509716946132,0.21032505188695574,67.84013029982569
14-12-2023,30.83940755450586,1.8319387861541774,306.03879845535107,8.192150804669106,48.62208855789196,0.8182775272384326,0.6116751351227285,69.91442081438848
19-12-2023,31.27257596608922,1.1645011176402513,312.7101937940182,7.147685204786051,49.14334330946676,0.035243763909643455,0.7116154847930569,69.87131286635011
29-12-2023,31.9868944461402,0.6610129014085667,323.8221814422804,4.738705284655612,49.99922665347538,-0.8249274081302023,0.6767411375538736,69.80036281432905
12-02-2021,29.356115068384305,12.124354737014777,283.5822022321506,214.26824451751892,46.823891922273006,5.255096512846655,0.32388225450500113,59.755280265473345
17-02-2021,0.0,0.0,0.0,0.0,0.0,0.0,0.0,0.0
22-02-2021,22.13728008026706,2.2533149036751148,183.3031237937382,19.953954024307766,37.736256248067725,1.207164540378395,0.6746114112050131,71.02036669295703
27-02-2021,31.37073888767374,1.3253305825147959,314.22909076528566,6.696548671583485,49.261231031958665,0.24971725660509314,0.5956284228648133,69.8615868014983
04-03-2021,34.81228260576394,0.3767582582949917,369.097385277455,3.4322182469522677,53.341695862395184,-1.564919641509917,0.7487019800710513,69.51808529577423
14-03-2021,33.52877104281242,0.5864617342186149,348.2707184914859,3.3340133840407025,51.8315290419954,-0.9914091596422363,0.7327394247235107,69.64645609304195
29-03-2021,36.17360123259422,1.9509352880832953,391.64935371863794,10509.71182101956,54.929152443992606,0.9343405896095351,0.040408293095390534,67.28069751253668
03-04-2021,20.194285943091646,1.7684150264706304,159.03328435911706,28.28332510964157,35.17695966590752,0.754000203156294,0.6645962823255701,72.06736049109246
08-05-2021,27.021765232529074,2.991547232688895,249.4845567997167,37.6318653674585,43.94979920690827,1.7737290450120176,0.41230071571677285,69.51656805866159
13-05-2021,20.797074971597926,1.485942095592562,166.43214635879627,20.110898221100186,35.97691355554024,0.4453086609892791,0.6084142491386698,71.81141308696142
18-05-2021,24.9321229439889,1.8979927578554472,220.2933834248419,16.13624873104588,41.32701465037196,0.8833747483372276,0.6637477940621678,70.50356045585491
23-05-2021,27.038656400310646,1.6132547818592144,249.72571071558193,18.878481674557605,43.97080075427316,0.5894197370962235,0.623036648533887,70.29235866363402
28-05-2021,27.488207263253855,3.4593115167323214,256.17407725079886,112.49444095695988,44.528619661983214,2.080367221390982,0.35817310872848257,69.14831316409224
12-06-2021,23.54354947313781,5.556607057141766,201.61543904304776,201.35587985795107,39.55556112503098,3.1630229499533256,0.27529412919674767,67.88574386961953
22-06-2021,31.817965698434282,9.22274845744276,321.1819532088467,2041.338805424559,49.79722927201999,4.474037271430032,0.01775148624635529,61.71314994019886
27-06-2021,28.674209483970834,7.0034731978147695,273.4626292612011,96.16235967014231,45.99007389183721,3.740931896809969,0.18894004153441457,65.36894148504415
07-07-2021,56.794906878164554,4.9890293905126635,786.6848816030933,169.75434420763688,77.55020328119149,2.905318319284473,0.2965034971228905,65.65303639918412
12-07-2021,35.98476091660824,5.61146505591969,388.4928158175046,77.61690981355011,54.709794323518295,3.1868725661793524,0.3360522279605331,66.58766290427742
17-07-2021,45.627480676231414,20.750124266508127,560.7838504810179,22.639375943930318,65.59814753323202,6.956642980813274,0.44511459974733186,52.58611307259691
22-07-2021,77.25746531797057,4.125971443943764,1265.914756585549,72.34227320287916,98.11707050827316,2.4678385060306427,0.31925260325469934,64.88224512025054
27-07-2021,32.91526192196635,21.549753106037336,338.4674778385418,834.6372990029024,51.10488851699848,7.085347122845232,0.014844804454180361,53.2921112349626
01-08-2021,59.98471075567555,10.365869553091066,856.0339439441707,51.95938545847087,80.85847515200291,4.801048652102273,0.3893719948649301,58.406542048919974
06-08-2021,28.84677483286308,17.596148439880025,276.0112375829121,1399.842994675936,46.20151992753694,6.409667014555221,-0.004301067860447264,55.90954608619432
16-08-2021,71.6632962687044,10.88433539224455,1127.0284764206335,17.846463491210958,92.63781779184248,4.940537801082576,0.48072563584198824,57.313927433974655
26-08-2021,30.23444768062391,28.904127333987592,296.80695830243144,601.5156498705604,47.89121088135291,8.127934245055403,0.048875088006012715,50.01485695567383
31-08-2021,45.404260438029794,3.6404146532325496,556.5478868350813,13.357816861513419,65.35265987779778,2.1907827043298385,0.6317780335711385,67.26611968849488
10-09-2021,22.848066428889922,3.706292425899755,192.48196563790384,43.22427506902244,38.65910475161928,2.229930499404925,0.6735537455656828,69.67709891901485
15-09-2021,22.403432857233554,11.197270397938416,186.72156356730164,111.78891879180786,38.08262103458135,5.02234660074651,0.6355140280463006,61.47487808915716
20-09-2021,25.113114672798424,2.595392900556224,222.77075139324515,27.794292750440633,41.55617718916245,1.4846366385689471,0.5374407736230806,69.99849303560113
25-09-2021,21.979888572778158,5.089331799007007,181.29212096043193,55.58211790199416,37.53096958496913,2.9523977636082934,0.5679012433213776,69.24804193091497
05-10-2021,21.441398279834527,3.5557547309284767,174.47130834995207,35.414645907553194,36.82597404596925,2.139689750107519,0.6387832755497242,70.38985260339547
04-11-2021,25.17794062877288,3.322017583184815,223.66045011891424,10.643778270077744,41.63816182171396,1.9937504776743653,0.6162943320110714,69.48632670379433
09-12-2021,29.451834648991955,13.048066616851898,285.01306517981146,163.160009830338,46.94056846841609,5.47414304141983,0.561643844160504,59.11883679157293
24-12-2021,27.215331465289584,7.45117800322436,252.25301394270804,51.13908380900164,44.19028409167423,3.9015246268841848,0.5862069204033946,64.91553640660071
18-02-2019,24.480361098352393,13.660530497768905,214.1526191680438,109.99047017263415,40.7532982149869,5.613076306913233,0.4811206054336331,59.2092395017152
28-02-2019,31.158687467696176,21.259723794430016,310.95123146809914,236.26028215234888,49.006460856737284,7.039083911310223,0.33780759871305804,53.733215644840485
05-03-2019,19.16944406782808,9.752244168194022,146.7294810586151,948.4523791664236,33.803834927621374,4.629061266112648,0.013513459515170443,64.09871804128188
10-03-2019,23.71355178325718,9.64061405009161,203.87067354000246,92.45078549963434,39.773734887438984,4.596910717834855,0.5600906858998648,62.37262989664789
25-03-2019,23.657533688655466,3.1077559694081494,203.12656419589962,43.27090157145165,39.7018844528407,1.853076965869362,0.5866666536577162,69.77251548495082
04-04-2019,17.77835126402769,22.30646447121798,130.59689220446276,2211.5695481265097,31.911915014655495,7.2039019927041545,-0.0685859681534055,56.44688448151066
29-04-2019,21.928399596126127,11.759055883821018,180.63594499119432,258.4179457537525,37.46373714909218,5.165027018076153,0.3769419522110755,61.26030169510003
09-05-2019,25.062156808989503,2.3989350447658095,222.0722639024983,20.437515192432002,41.49169638282936,1.3288788176562054,0.5953859817989988,70.16081799840637
29-05-2019,23.281118299163428,1.895253937172232,198.1514872528603,18.87349072112714,39.21803787519335,0.8807094689516877,0.5986622096496791,70.71740714519649
08-06-2019,34.241865387046744,2.7407803570743607,359.78889014039737,85.3084873348327,52.67219654495761,1.5943289588972664,0.32789971920420513,68.9644228049311
13-06-2019,29.84851717543971,4.760069310407423,290.9699201997485,108.27478433886007,47.42315361781923,2.7951424226371637,0.25930765369778985,68.19835090295109
03-07-2019,25.70941853705865,3.446607858188011,231.00174681919603,86.04477170953587,42.30845603019076,2.0724615080950963,0.3836316785270563,69.33938768385713
08-07-2019,35.321786465884166,5.065657680732451,377.48261085709936,143.90409698850448,53.93751932685981,2.9413485770960355,0.21419517886988854,67.43203427618539
13-07-2019,44.37106856177297,2.4742711844319234,537.0897457871971,38.6512056987024,64.21266960185808,1.3896946209081475,0.5151987563627735,68.16546828177482
18-07-2019,26.047779016252594,9.425207215816704,235.71898659890593,620.447614902938,42.733491372684824,4.534077832960297,0.2900335843475398,62.31184752661715
23-07-2019,52.695837531707625,0.6948175768151033,700.6517628754059,67.57230672276707,73.23374341186997,-0.754032059591494,0.49055281769459175,67.82473528675298
28-07-2019,26.13341186803656,3.192877534647577,236.91816643731946,52.8293657817799,42.840853365287295,1.9098046488041431,0.536186767562798,69.46628829123586
02-08-2019,41.175166840684746,2.228892995324662,478.4695178642535,71.3617359944819,60.645898397499906,1.1861810973336917,0.4112490653779756,68.68202987139894
07-08-2019,29.608998898261248,2.65683443162601,287.36794399513747,42.7087723293904,47.1319490106154,1.53153879124753,0.5283018717220199,69.49901956446047
12-08-2019,39.25624452300977,3.027500070890516,444.43614132708905,42.70360893041214,58.47306094465496,1.7985199011197652,0.5040000015894572,68.26731492479318
17-08-2019,23.463181893040975,3.663944345782704,200.55237814114133,83.4016984730957,39.45229172080433,2.2048254312073245,0.5113056172104821,69.43217603979396
22-08-2019,28.80025946824333,1.8523030859236898,275.3234327638822,79.65073184661208,46.14455358571706,0.8385310448236503,0.43357098818286255,70.10404390680634
27-08-2019,26.200305736539125,4.957127871724164,237.8564248063015,67.14365275287444,42.92466376894888,2.8901965687154734,0.4518272301896544,68.47634412708005
01-09-2019,25.807658740648506,4.802565323374532,232.36788760578102,87.61206852336365,42.43199655260801,2.815885973046707,0.4338575596544392,68.58582573918378
06-09-2019,31.984529428647814,3.2792809710916178,323.7851653398501,54.99174906910042,49.996400408871686,1.966243968343746,0.5786618609299982,68.82430473897766
11-09-2019,22.3338768191172,2.708515839297277,185.8260403647941,186.04786371665392,37.992196468046096,1.570367704408989,0.43466171351512717,70.53700729787478
16-09-2019,24.997618133308883,7.607009561459701,221.18873466758797,126.37991587561032,41.409986422243364,3.9557313238875276,0.4352159353309428,64.91222131814676
26-09-2019,28.150646992827795,4.402796941307546,265.7814298025637,28.5036713956731,45.346703063914504,2.6150418876014205,0.6047260850213297,68.56419267883666
01-10-2019,26.728258106890458,5.033060773493492,245.30733871366914,48.52754052385615,43.58437289701196,2.9260717177215847,0.5490394448164817,68.3583361899911
06-10-2019,20.413913614900327,13.992351671643863,161.7153090883419,112.4433118007523,35.46906751363599,5.686415188835418,0.6395864399771717,60.4117370802371
11-10-2019,24.59132849675752,11.727568928792458,215.65530559584582,192.3456802753378,40.89445095571222,5.157166208293996,0.3489680910346376,60.51288058323775
16-10-2019,22.712828429103254,6.116504817370779,190.72336654358048,52.45473225426865,38.484045611100754,3.3986536493086286,0.4906054242405813,67.45044463613061
21-10-2019,25.76738411506382,2.395294034148873,231.80747943000773,33.02273998751662,42.38136320794516,1.325903676788216,0.518737659975325,70.0907533637079
26-10-2019,28.1960868075845,15.508526951443764,266.4450119649851,172.03897665476597,45.40265199450489,6.005900910527308,0.3029239847107986,57.58699931976687
05-11-2019,19.555932253858742,4.998685772298394,151.32835660387428,36.02395987961408,34.323650548221295,2.9098813462008435,0.6832151316892355,70.51404467622896
15-11-2019,39.63454834839647,2.9129536095146125,451.0752762225963,13084.91052521084,58.9033666264614,1.7187514600938458,0.03389021948236851,65.70081160002434
15-12-2019,36.22856458571122,12.220779603850156,392.5697811689913,128.77485176003117,54.992947512930556,5.278533008057555,0.5131964726088053,59.018172362705755
03-01-2022,25.450976588157467,2.7516445909362175,227.42143269470975,11.616418703964236,41.98292363564489,1.6023499085161816,0.7077131153408364,69.85022914892728
18-01-2022,22.617170680200513,7.836265607887382,189.48290470766318,91.42748971491261,38.360073000822375,4.03399238581826,0.49330086416977087,65.13019531479364
23-01-2022,17.37590893795967,10.676586387285882,126.05461421617855,27.958101489856066,31.358166766651053,4.8852527543630115,0.7078014221123529,64.52996670454341
28-01-2022,23.54987531813175,1.0209061615743933,201.69919830328513,3.5441060556457002,39.56368607726493,-0.1758247643657942,0.7972602799845179,70.64430364697569
07-02-2022,15.331814328569983,1.8285452429218456,103.87796002430403,14.010132513684187,28.49684426063498,0.814886134525878,0.6234042704547214,75.41185479608767
17-02-2022,24.653315395857028,5.9310053422417885,216.4963275471525,58.83931871011683,40.97323420961782,3.322438691476484,0.5489548839477815,67.269456562954
24-03-2022,18.291221803117057,0.44851209074934995,136.46735571466235,1.0272661480734158,32.61335275116352,-1.3466322672472968,0.8030303119387296,73.20663185344428
29-03-2022,27.222608669085332,2.1597924014361474,252.35730559777232,46.05465709603224,44.19931734996609,1.1258650582953313,0.30307076320602955,70.14266314337694
13-04-2022,16.08634890656349,1.8780566238336065,111.88725499977227,20.566896884128663,29.562921654856027,0.8639079190733954,0.7417102923441927,74.65077865220339
28-04-2022,22.85953322155785,2.03101484310051,192.6313388213112,38.52874998666628,38.67393672844424,1.0095038515067687,0.4390581723168622,70.89333470777181
18-05-2022,28.494102825484322,1.081052984168925,270.8115621457146,18.777159516140955,45.76906755112357,-0.08487887952298223,0.5445103986929648,70.14683428554834
23-05-2022,21.58060153060694,1.742256747574346,176.22567063561132,15.391137431917562,37.00861563492896,0.7270301910405141,0.5706392899672975,71.47284373583662
02-06-2022,35.74101104625282,2.314447155343121,384.43180114267926,68.51254471574181,54.426251623894856,1.2589555401655295,0.3592616980379335,69.15324084626603
17-06-2022,16.023903228489925,19.1983456705231,111.21645156748983,682.9852625603933,29.47514653445479,6.695921283308915,0.14444440560739893,59.62533944822943
22-06-2022,30.91144335125373,6.526865613767233,307.1447247954203,121.32254561431579,48.708892009821064,3.561319382030052,0.3243243399710872,65.79640615995447
27-06-2022,35.522968473118176,2.6235891621049663,380.81187528988295,79.5797663392248,54.17222693391181,1.5062623252815452,0.4510086344339052,68.92552487413879
02-07-2022,32.58441514850039,3.1008904026687265,333.22203979206955,40.56755715447836,50.71171136958386,1.8484512293646196,0.4002998495725509,68.88499374435446
07-07-2022,34.55630911803905,2.5286479156643895,364.90983263468934,41.4255463652147,53.04158156132923,1.432737538244214,0.532219574295942,69.10334644067883
12-07-2022,35.608383226608886,3.9697385151464153,382.22848309636123,71.67432049177688,54.27178074128581,2.3814795520128795,0.4972067085612689,68.04334726122788
17-07-2022,45.23583573960105,1.4405894211858319,553.359272749138,32.283925884698,65.16724576919731,0.39174513498202046,0.43382876177655055,68.46995964086295
22-07-2022,57.80108045651584,7.548027562042539,808.3362325600343,32.834982841617375,78.59836073768638,3.9353124999999993,0.40774486157088535,62.0420281139982
27-07-2022,77.70920017587207,1.6646041815434094,1277.3770197191866,26.439333000574475,98.55536875072325,0.6451462386636182,0.39206198709866713,66.33216012284757
01-08-2022,52.82059615930355,3.887588370733309,703.2180640613838,103.5777502379511,73.36625838172965,2.3350489854294123,0.3384615486013814,66.4749996949648
06-08-2022,49.19219136553066,2.701172997834077,629.9488334898218,79.95751873450769,69.48126433380766,1.5648848157383668,0.5290780178570339,67.49990454396166
11-08-2022,69.18209865683129,4.519453713339403,1067.2722759559733,61.878794004789206,90.17560350455587,2.675010206329582,0.3196794644817292,65.16168811545958
16-08-2022,29.03511842875196,13.364508235568103,278.80239095232827,413.5657978472213,46.43195954300129,5.546519131287881,0.23036183387664047,58.894305574741004
26-08-2022,23.117897722680723,15.395416273116162,196.00777758279165,251.4485026932176,39.00766161309512,5.9828917835691575,0.2703583322761154,58.26035822823877
31-08-2022,52.58507021706583,3.409444990124878,698.3760434766925,230.62294355347214,73.11602767695194,2.049208858240527,0.29241879761563133,66.74956234002482
10-09-2022,26.930953658241595,6.856165497869046,248.1894581631965,78.14408687197049,43.83683604475779,3.686418656933424,0.3510971870117582,65.74869166199898
15-09-2022,30.760025126855023,1.9398801501457468,304.8217161039203,19.448486243267002,48.526377061245846,0.923784237853595,0.5296137316823039,69.92010779006584
20-09-2022,29.95599180582714,5.449910749369252,292.59131358411366,41.59210586752611,47.55364148544317,3.1161287077246227,0.6379310500555572,67.4300429411499
25-09-2022,23.856388793942582,6.330302916079902,205.7723757049824,107.26953391622587,39.95676120858014,3.484385112743621,0.49367089716134577,66.77821918499897
30-09-2022,24.673793838336174,4.328919771647276,216.77442767011587,27.906483017491453,40.999251362568195,2.5764489186280253,0.6468039007623042,68.95059040093486
10-10-2022,21.69214829740712,6.972605927832278,177.63595015636184,54.73493722747609,37.154770353200064,3.7295803949936177,0.5909090992752654,66.71402652248491
20-10-2022,20.142425420689886,3.4914402397204745,158.40229468719482,26.88627157758512,35.10787549851849,2.1002652660703953,0.5959183589685264,70.98938707921991
25-10-2022,21.341110039852946,3.671397528379803,173.2112341290169,34.084275855647014,36.69421782602464,2.209259520022285,0.5008880896828897,70.36417971071418
30-10-2022,20.559732517070156,5.235345471660627,163.50473842581397,31.160088230537976,35.66259977006622,3.0197106188322964,0.5545851318822934,69.65594561546558
04-11-2022,19.401131957315858,4.079813392613902,149.48035061648494,38.361328457452075,34.11574165861853,2.442581983141369,0.4926542363712067,71.07659681419945
24-11-2022,26.530861104736136,11.634953192612961,242.5120066330759,80.12950406050764,43.33807554181259,5.133952761899219,0.4210526287124574,60.40624918288843
